Dataset,Tunability
1,0.0024877337393176546
2,-0.0029400136740423966
3,-0.016828628717563965
4,-0.02191756105153242
5,-0.029449623941741998
6,-0.013566516436537834
7,-0.0018722634356481693
