Dataset,Tunability
1,0.0021970492773970562
2,-0.0008804191634325109
3,0.0007795132814967243
4,0.02442568321137706
5,-0.018278356003968876
6,0.0026445798038864377
7,-0.0024064210282072063
