Dataset,Tunability
1,-0.04159588638946898
2,-0.04211023334596764
3,0.008026638718332757
4,-0.03717741577364497
5,-0.0145410694477901
6,-0.0651620017737975
7,-0.003899986377905118
