n_neighbors,df,best_score
2,df_1,0.9974235037859144
12,df_2,0.9817332993803582
14,df_credit,0.7237500000000001
31,df_diabetes,0.7573104091696654
