,df,ccp_alpha,max_depth,min_samples_leaf,min_samples_split,score
0,df_diabetes,0.03027467243373394,27,15,3,1.0
1,df1,0.00030359337856779094,18,1,4,0.9361528822055137
2,df2,0.2668785210698843,19,7,14,0.7
3,df_credit,0.0108646572899456,15,37,3,0.7541776837652037
