{
    "KNN": [
        0.0,
        -0.006849315068493178,
        0.0,
        0.015957446808510634
    ],
    "XGboost": [
        0.0,
        0.0,
        0.0,
        0.0
    ],
    "Random Forest": [
        0.020000000000000018,
        -0.006849315068493067,
        0.0,
        -0.010638297872340385
    ]
}