{"lgbm": {"AUC": 0.08389266113571861, "Accuracy": 0.08455064456721917, "Brier": 0.042601464454184904}, "rfc": {"AUC": 0.07450589160655952, "Accuracy": 0.08151861878453034, "Brier": 0.04327029368249196}, "xgb": {"AUC": 0.08283115638506602, "Accuracy": 0.08412983425414368, "Brier": 0.04275284431821742}}