Dataset,Tunability
1,0.0
2,-0.0006132709492694399
3,-0.008201616220132601
4,-0.005429542635322471
5,-0.004190493817552321
6,-0.01911961886454061
7,-0.0004621697515501122
