{"lgbm": [{"n_estimators": 461, "max_depth": 6, "learning_rate": 0.020997940641181385, "subsample": 0.8340480910424313, "min_child_weight": 5, "num_leaves": 4, "reg_alpha": 1.2683167745409016, "reg_lambda": 9.599077378039295}, {"AUC": {"credit_g": 0.7408, "bank-marketing": 0.6568177638392814, "MagicTelescope": 0.8604995265151514, "Titanic": 0.8331483094910205}, "Accuracy": {"credit_g": 0.72, "bank-marketing": 0.883, "MagicTelescope": 0.821, "Titanic": 0.7697974217311234}, "Brier": {"credit_g": 0.18052918319273423, "bank-marketing": 0.09963649943775783, "MagicTelescope": 0.13285273951059576, "Titanic": 0.1595723595274648}}], "rfc": [{"n_estimators": 352, "max_depth": 3, "min_samples_split": 9, "min_samples_leaf": 1, "max_features": 0.5546548068068401}, {"AUC": {"credit_g": 0.7398285714285715, "bank-marketing": 0.6672329180822952, "MagicTelescope": 0.8533928696689113, "Titanic": 0.8425634467833957}, "Accuracy": {"credit_g": 0.734, "bank-marketing": 0.883, "MagicTelescope": 0.81, "Titanic": 0.7790055248618785}, "Brier": {"credit_g": 0.17996442078468008, "bank-marketing": 0.0986453004057686, "MagicTelescope": 0.14065263993373922, "Titanic": 0.15545472767748103}}], "xgb": [{"n_estimators": 697, "max_depth": 7, "learning_rate": 0.2640080666387819, "subsample": 0.6843558315114833, "min_child_weight": 1, "max_leaves": 7, "gamma": 0.7329678696292486, "reg_alpha": 3.8317983424738955, "reg_lambda": 0.2856591025699267, "nthread": 4}, {"AUC": {"credit_g": 0.7368857142857143, "bank-marketing": 0.6686025689423198, "MagicTelescope": 0.8565450512065096, "Titanic": 0.8404204491161013}, "Accuracy": {"credit_g": 0.724, "bank-marketing": 0.883, "MagicTelescope": 0.815, "Titanic": 0.7734806629834254}, "Brier": {"credit_g": 0.18077356496274477, "bank-marketing": 0.09928473396136364, "MagicTelescope": 0.13567333440032384, "Titanic": 0.15601433680643187}}]}