{"lgbm": {"AUC": 0.004476330640001552, "Accuracy": 0.008604051565377524, "Brier": 0.0014627674137373745}, "rfc": {"AUC": 0.006432775536256846, "Accuracy": -0.001368784530386774, "Brier": 0.0012314843111047614}, "xgb": {"AUC": 0.0019353766329482658, "Accuracy": 0.00922283609576427, "Brier": 0.0013183281235029341}}