{"lgbm": {"AUC": [-9.523809523792615e-06, 0.004273504273504258, 0.0037484217171718237, 0.00989292037885392], "Accuracy": [0.014000000000000012, 0.0, 0.0020000000000000018, 0.018416206261510082], "Brier": [0.002139723024632223, -0.00014849051735316143, 0.00042077146635405294, 0.0034390656813163833]}, "rfc": {"AUC": [0.010780952380952336, 0.004438055966934806, 0.007687552609427661, 0.0028245411877125814], "Accuracy": [-0.016000000000000014, 0.0010000000000000009, 0.0039999999999998925, 0.0055248618784530246], "Brier": [-0.003330795899811917, -0.0007076485366494939, 0.008543232018340619, 0.0004211496625398381]}, "xgb": {"AUC": [0.003933333333333455, -0.004162189892654267, 0.011392133136924776, -0.0034217700458109013], "Accuracy": [0.010000000000000009, 0.0, 0.014000000000000012, 0.012891344383057057], "Brier": [0.002255780476932784, -0.00017878287575455454, 0.004975908170321536, -0.0017795932774880285]}}