Dataset,Tunability
1,-0.08968306175322294
2,-0.0859071729428067
3,0.0015552136896812563
4,-0.05625789662926606
5,-0.021656203995784273
6,-0.10191307328374188
7,-0.007221888097653784
