Dataset,Tunability
1,0.02284841683304706
2,-0.0039972206747020955
3,-0.00997331953610614
4,-0.046448702536163844
5,0.1166358588926436
6,0.03760992727802981
7,-0.05754140572616506
