Dataset,Tunability
1,0.0
2,0.0
3,-0.11252690976899304
4,-0.13394663439739152
5,0.0
6,-0.07236689842032606
7,-0.051775396014627106
