Dataset,Tunability
1,-0.00016880191790491494
2,-0.0007816753191833836
3,-0.005945690360308786
4,-0.002992496302824943
5,-0.004703203887591267
6,-0.018002706239651167
7,-0.000929030097000072
