Dataset,Tunability
1,0.010648580425577592
2,-0.000693764439905542
3,-0.08516407544581872
4,0.10899000149388194
5,0.05481290372197711
6,0.12288288279570991
7,-0.038323606844802294
