{
    "KNN": {
        "n_neighbors": 13
    },
    "XGboost": {
        "alpha": 2e-10,
        "booster": "gbtree",
        "colsample_bytree": 0.6689583524757468,
        "eta": 0.0720846513628835,
        "max_depth": 1,
        "min_child_weight": 2.6745639075910805,
        "n_estimators": 516,
        "subsample": 0.6179944480567451
    },
    "Random Forest": {
        "max_depth": 3,
        "max_features": 1e-06,
        "max_samples": 1.0,
        "min_samples_leaf": 0.1,
        "n_estimators": 2000
    }
}