{
    "KNN": {
        "n_neighbors": 13
    },
    "XGboost": {
        "alpha": 14580274845.782381,
        "booster": "gbtree",
        "colsample_bytree": 0.5612396023276411,
        "eta": 0.12496709220924095,
        "max_depth": 4,
        "min_child_weight": 2.9853402220200076,
        "n_estimators": 4020,
        "subsample": 0.11928173439506995
    },
    "Random Forest": {
        "max_depth": 3,
        "max_features": 1e-06,
        "max_samples": 0.9050732933677269,
        "min_samples_leaf": 0.1,
        "n_estimators": 2000
    }
}