{
    "KNN": [
        0.0,
        -0.006849315068493178,
        0.0,
        0.015957446808510634
    ],
    "XGboost": [
        0.020000000000000018,
        -0.11643835616438358,
        0.0,
        0.0
    ],
    "Random Forest": [
        0.020000000000000018,
        0.013698630136986356,
        0.0,
        -0.015957446808510634
    ]
}