{
    "KNN": {
        "n_neighbors": [
            0.020000000000000018,
            0.013698630136986245,
            0.016949152542372836,
            0.021276595744680882
        ]
    },
    "XGboost": {
        "n_estimators": [
            0.020000000000000018,
            0.020547945205479423,
            0.0,
            0.0
        ],
        "eta": [
            0.020000000000000018,
            0.020547945205479423,
            0.0,
            0.005319148936170248
        ],
        "subsample": [
            0.040000000000000036,
            0.03424657534246567,
            0.0,
            0.005319148936170248
        ],
        "booster": [
            0.0,
            0.0,
            0.0,
            0.0
        ],
        "max_depth": [
            0.0,
            0.0,
            0.0,
            0.0
        ],
        "min_child_weight": [
            0.020000000000000018,
            0.020547945205479423,
            0.0,
            0.0
        ],
        "colsample_bytree": [
            0.0,
            0.006849315068493067,
            0.0,
            0.0
        ],
        "alpha": [
            0.0,
            0.0,
            0.0,
            0.0
        ]
    },
    "Random Forest": {
        "n_estimators": [
            0.020000000000000018,
            0.013698630136986245,
            -0.05084745762711873,
            -0.010638297872340385
        ],
        "max_depth": [
            -0.020000000000000018,
            -0.020547945205479423,
            0.0,
            -0.010638297872340496
        ],
        "max_features": [
            -0.020000000000000018,
            0.0,
            0.016949152542372836,
            0.010638297872340496
        ],
        "max_samples": [
            -0.020000000000000018,
            0.0273972602739726,
            0.0,
            0.0
        ],
        "min_samples_leaf": [
            0.0,
            0.0273972602739726,
            0.0,
            -0.005319148936170137
        ]
    }
}