Dataset,Tunability
1,-0.007418288727692013
2,-0.0019111163349084803
3,-0.05734379004021295
4,0.015631560314701032
5,-0.10616859091017505
6,0.14311716498915672
7,-0.04014763351981532
