Dataset,Tunability
1,0.0
2,0.0
3,-0.15989738027309985
4,-0.0988337708036986
5,-0.14230628273270352
6,0.0
7,-0.03532246559322616
