Dataset,Tunability
1,0.0
2,0.0
3,0.0
4,0.06338001200624477
5,-0.007380324163614449
6,0.0
7,-0.0013219121418748259
