Dataset,Tunability
1,0.0
2,-0.0009776967810167791
3,-0.003928273718921238
4,-6.304936183243459e-05
5,-0.017852885811891595
6,-0.014138041025225312
7,-0.002279481384034332
