Dataset,Tunability
1,0.0
2,0.0
3,-0.18771766567870563
4,-0.0016302046502392198
5,-1.1102230246251565e-16
6,-0.007176967533493839
7,-0.04069609636930327
